venta_id,fecha,producto,categoria,cantidad,precio_unitario,total,cliente_id
1,2025-07-09,Zapatillas Running,Calzado,1,59.9,59.9,9
2,2025-02-05,Smartwatch Fit,Electrónica,2,89.0,178.0,4
3,2025-06-01,Campera Impermeable,Indumentaria,1,75.0,75.0,14
4,2025-01-24,Auriculares Bluetooth,Electrónica,1,29.99,29.99,7
5,2025-06-04,Smartwatch Fit,Electrónica,5,89.0,445.0,1
6,2025-07-03,Campera Impermeable,Indumentaria,2,75.0,150.0,18
7,2025-04-25,Lámpara LED,Hogar,2,22.5,45.0,19
8,2025-07-14,Remera Algodón,Indumentaria,1,15.0,15.0,6
9,2025-03-13,Lámpara LED,Hogar,3,22.5,67.5,5
10,2025-01-27,Smartwatch Fit,Electrónica,3,89.0,267.0,3
11,2025-04-02,Lámpara LED,Hogar,1,22.5,22.5,12
12,2025-07-26,Botella Térmica,Accesorios,3,12.0,36.0,2
13,2025-02-01,Mouse Inalámbrico,Electrónica,5,18.99,94.95,13
14,2025-03-17,Zapatillas Running,Calzado,5,59.9,299.5,20
15,2025-02-19,Cafetera Eléctrica,Hogar,5,45.0,225.0,3
16,2025-07-17,Auriculares Bluetooth,Electrónica,2,29.99,59.98,10
17,2025-08-10,Zapatillas Running,Calzado,2,59.9,119.8,4
18,2025-04-27,Lámpara LED,Hogar,3,22.5,67.5,12
19,2025-04-01,Mochila Urbana,Accesorios,3,39.5,118.5,7
20,2025-06-05,Remera Algodón,Indumentaria,1,15.0,15.0,6
21,2025-02-11,Campera Impermeable,Indumentaria,2,75.0,150.0,15
22,2025-08-25,Lámpara LED,Hogar,3,22.5,67.5,18
23,2025-08-04,Smartwatch Fit,Electrónica,3,89.0,267.0,2
24,2025-07-26,Smartwatch Fit,Electrónica,1,89.0,89.0,11
25,2025-01-17,Lámpara LED,Hogar,3,22.5,67.5,7
26,2025-02-24,Botella Térmica,Accesorios,3,12.0,36.0,16
27,2025-02-06,Lámpara LED,Hogar,4,22.5,90.0,9
28,2025-07-10,Mochila Urbana,Accesorios,2,39.5,79.0,18
29,2025-07-11,Campera Impermeable,Indumentaria,3,75.0,225.0,19
30,2025-04-13,Lámpara LED,Hogar,5,22.5,112.5,12
31,2025-05-11,Smartwatch Fit,Electrónica,2,89.0,178.0,16
32,2025-08-09,Zapatillas Running,Calzado,1,59.9,59.9,4
33,2025-07-22,Mochila Urbana,Accesorios,2,39.5,79.0,14
34,2025-04-09,Botella Térmica,Accesorios,1,12.0,12.0,13
35,2025-05-16,Botella Térmica,Accesorios,4,12.0,48.0,9
36,2025-06-24,Campera Impermeable,Indumentaria,1,75.0,75.0,4
37,2025-07-16,Campera Impermeable,Indumentaria,3,75.0,225.0,11
38,2025-04-22,Zapatillas Running,Calzado,3,59.9,179.7,6
39,2025-09-02,Mouse Inalámbrico,Electrónica,1,18.99,18.99,9
40,2025-05-10,Campera Impermeable,Indumentaria,2,75.0,150.0,4
41,2025-06-05,Remera Algodón,Indumentaria,5,15.0,75.0,7
42,2025-07-15,Mochila Urbana,Accesorios,3,39.5,118.5,6
43,2025-08-24,Campera Impermeable,Indumentaria,5,75.0,375.0,1
44,2025-05-06,Botella Térmica,Accesorios,3,12.0,36.0,1
45,2025-08-13,Zapatillas Running,Calzado,3,59.9,179.7,10
46,2025-03-03,Smartwatch Fit,Electrónica,1,89.0,89.0,19
47,2025-07-07,Zapatillas Running,Calzado,1,59.9,59.9,16
48,2025-07-16,Zapatillas Running,Calzado,5,59.9,299.5,5
49,2025-08-31,Mochila Urbana,Accesorios,4,39.5,158.0,18
50,2025-05-16,Mochila Urbana,Accesorios,3,39.5,118.5,20
51,2025-08-26,Lámpara LED,Hogar,2,22.5,45.0,18
52,2025-04-13,Smartwatch Fit,Electrónica,3,89.0,267.0,12
53,2025-04-26,Mouse Inalámbrico,Electrónica,5,18.99,94.95,4
54,2025-01-17,Smartwatch Fit,Electrónica,2,89.0,178.0,11
55,2025-05-22,Auriculares Bluetooth,Electrónica,5,29.99,149.95,8
56,2025-01-02,Botella Térmica,Accesorios,2,12.0,24.0,3
57,2025-01-18,Auriculares Bluetooth,Electrónica,2,29.99,59.98,2
58,2025-05-12,Cafetera Eléctrica,Hogar,1,45.0,45.0,8
59,2025-02-24,Remera Algodón,Indumentaria,4,15.0,60.0,18
60,2025-05-28,Mochila Urbana,Accesorios,5,39.5,197.5,16
