mpg,cylinders,displacement,horsepower,weight,acceleration,model_year,origin,car_name
16.5,6,173.2,121,3172,8.3,73,1,pontiac coupe
19.2,4,124.9,99,2489,9.7,76,3,datsun ls
20.6,4,114.4,102,2811,10.0,78,2,fiat sport
20.2,4,166.7,113,3036,8.7,81,2,audi ls
18.8,4,158.1,116,2548,9.8,71,1,ford sedan
9.0,6,208.6,133,3687,9.2,82,1,dodge custom
18.8,4,179.0,124,3064,9.6,77,1,dodge wagon
17.4,4,165.5,107,3032,10.4,78,3,mazda wagon
18.4,4,151.6,79,2991,9.9,79,2,fiat sport
17.2,4,163.6,112,3070,10.0,79,2,audi coupe
13.1,6,185.4,141,3451,8.9,78,1,plymouth coupe
12.5,6,172.3,129,3104,9.1,79,3,toyota custom
21.0,4,129.0,110,2823,9.1,76,3,honda custom
16.4,6,187.5,139,3276,8.5,78,1,ford sport
9.0,8,285.3,169,4435,9.9,78,1,amc sedan
9.0,6,250.6,155,4019,8.3,72,1,ford deluxe
9.0,8,241.1,141,3703,9.2,73,1,pontiac sedan
9.0,8,238.9,144,4088,9.8,71,1,ford deluxe
21.2,4,137.4,109,2689,8.9,79,1,buick coupe
13.6,4,183.8,137,3376,9.2,72,1,dodge deluxe
14.5,6,195.4,126,3472,9.7,80,2,renault coupe
13.0,4,161.1,107,3378,10.4,80,1,amc custom
22.0,4,120.3,94,2598,10.2,74,1,amc deluxe
12.4,6,179.2,128,3183,8.7,74,1,dodge gl
14.1,4,196.3,111,3323,8.6,75,1,plymouth coupe
16.3,4,172.8,90,3054,8.8,82,3,honda coupe
9.0,8,230.6,137,3955,9.6,76,1,plymouth ls
17.7,4,179.1,106,2849,9.0,76,1,chevrolet wagon
18.3,4,165.9,109,2842,8.5,70,2,fiat gl
19.0,4,183.5,121,2998,8.0,71,1,pontiac deluxe
15.8,4,143.2,99,3039,9.2,81,2,volkswagen sport
9.0,6,214.6,154,3913,9.9,78,1,amc deluxe
14.6,6,221.5,144,3613,10.2,79,1,ford coupe
21.1,4,151.9,112,2894,8.8,71,3,subaru wagon
9.5,6,198.4,137,3439,9.1,75,3,datsun gl
20.2,4,115.1,78,2829,8.9,80,3,toyota coupe
20.2,4,130.0,111,2545,8.9,80,1,plymouth wagon
17.2,4,161.4,112,3060,8.7,70,1,chevrolet sport
19.7,4,114.9,100,2790,10.0,72,2,renault wagon
9.0,8,307.8,166,4591,8.5,71,1,amc custom
9.0,8,365.5,186,5048,10.1,72,1,buick wagon
11.3,6,172.3,127,3391,9.9,74,1,buick deluxe
12.9,6,228.2,147,3153,9.2,80,1,chevrolet wagon
15.2,4,146.5,95,3014,12.4,79,3,toyota deluxe
16.5,4,180.5,111,3054,9.9,75,1,buick sedan
14.8,6,191.8,140,3000,8.0,78,2,peugeot wagon
9.0,8,326.2,173,4758,10.3,81,1,amc coupe
9.2,6,247.4,171,4142,8.0,80,1,buick gl
9.0,8,341.1,183,4762,10.1,79,1,chevrolet wagon
9.0,8,328.9,196,4871,9.3,81,1,amc sport
20.4,3,106.8,84,2803,10.6,81,3,honda custom
9.0,6,229.0,150,3964,9.3,82,3,toyota ls
12.5,4,181.7,115,3523,9.8,73,3,honda custom
10.1,6,230.7,142,3864,9.2,76,3,toyota gl
21.5,4,117.7,93,2635,11.1,75,2,audi wagon
14.6,4,192.6,115,2973,9.0,71,3,datsun sport
12.0,6,233.2,154,3689,11.3,79,1,amc ls
20.2,4,165.4,108,2880,10.2,80,1,amc custom
9.0,8,253.8,151,4438,10.8,80,1,ford deluxe
17.6,4,159.0,100,2955,10.0,80,1,buick sedan
19.1,4,151.0,77,2944,10.3,77,1,amc custom
9.0,8,316.6,180,4680,8.2,76,1,pontiac gl
22.4,4,123.6,125,2681,8.6,76,3,subaru sedan
10.9,6,243.7,159,4172,10.8,77,1,dodge sedan
9.0,6,267.0,160,3919,9.6,81,1,ford wagon
11.7,6,166.2,112,3175,8.2,81,1,plymouth custom
18.3,4,170.1,117,2942,9.2,82,1,plymouth coupe
24.1,4,123.9,102,2411,10.7,80,3,datsun deluxe
9.0,6,273.3,149,3977,11.1,70,1,plymouth ls
20.7,4,156.4,124,2960,9.1,82,3,subaru sedan
15.9,4,148.8,116,2813,10.1,70,3,datsun sedan
9.0,8,322.2,194,4481,9.3,77,1,pontiac sedan
17.2,4,174.2,124,2847,8.0,73,1,dodge custom
22.2,4,146.0,106,2857,8.5,74,3,datsun gl
22.3,5,174.7,127,2871,10.6,77,2,fiat coupe
14.6,4,152.7,116,3087,9.2,74,2,peugeot sedan
19.5,3,123.9,91,2651,9.2,79,3,toyota ls
9.0,8,329.9,182,4398,9.5,73,1,pontiac custom
9.0,6,247.4,153,3805,11.5,81,1,pontiac sport
18.8,4,154.5,128,2800,10.6,75,1,chevrolet coupe
15.7,4,171.5,102,3168,12.0,82,3,mazda gl
13.2,4,126.1,79,2963,9.8,81,2,peugeot coupe
13.3,6,228.8,145,3325,9.5,74,1,chevrolet custom
18.5,4,121.8,95,2679,8.0,76,1,buick coupe
18.3,4,135.5,103,2748,10.8,79,1,dodge gl
9.0,8,263.5,161,4225,8.8,76,1,plymouth deluxe
15.4,4,142.1,101,2882,9.7,82,2,peugeot gl
20.8,4,154.1,127,2796,8.0,73,2,volvo ls
19.2,4,134.2,81,2704,9.0,81,3,subaru gl
19.0,4,147.2,96,2726,8.6,82,1,ford deluxe
18.7,4,138.1,101,3018,9.0,74,1,plymouth sedan
19.7,4,137.6,82,2802,9.2,82,2,renault wagon
17.4,4,129.9,96,3110,9.3,72,3,toyota deluxe
21.8,4,130.6,119,2723,9.8,73,2,renault ls
18.1,4,155.0,110,2813,8.2,73,3,honda gl
9.0,8,335.7,194,4438,9.9,72,1,dodge deluxe
9.0,8,312.8,166,4174,11.0,82,1,dodge coupe
9.0,8,272.9,155,3860,9.1,79,1,plymouth custom
17.3,6,212.8,131,3608,9.1,74,1,buick ls
17.8,4,173.8,114,3226,9.4,74,1,ford coupe
9.0,8,304.9,193,4148,10.5,80,1,plymouth ls
13.4,4,150.0,114,3089,9.7,76,2,volkswagen gl
16.8,6,169.5,103,3069,9.1,73,1,amc gl
9.0,8,260.6,160,4095,10.3,82,1,buick deluxe
17.4,4,136.2,107,3108,8.5,73,3,honda wagon
10.0,6,201.9,145,3636,10.3,78,1,buick ls
18.4,4,146.8,125,2828,9.4,75,1,plymouth ls
20.0,4,153.0,97,2759,9.1,73,3,honda sedan
20.7,4,166.7,105,2630,8.3,71,1,chevrolet ls
13.0,4,167.2,100,2921,8.7,75,1,buick ls
17.2,4,157.7,108,2937,10.0,71,1,buick sedan
9.0,6,244.8,156,3646,10.6,74,1,amc wagon
15.6,4,186.5,136,3213,8.6,75,3,mazda custom
27.8,4,108.4,88,2551,9.8,73,3,honda wagon
14.6,6,186.9,120,3277,8.0,82,2,audi ls
21.5,4,112.6,93,2444,8.6,72,3,subaru gl
19.7,4,149.7,97,2941,9.6,76,3,mazda sport
9.0,8,351.3,223,4970,8.8,71,1,dodge coupe
26.1,3,95.5,64,2161,8.4,82,3,subaru sport
9.0,8,353.4,201,5183,9.7,80,1,pontiac sedan
26.0,4,109.0,113,2521,9.2,75,3,toyota wagon
9.0,6,259.8,157,3982,9.6,82,3,subaru gl
18.4,4,141.7,101,2977,8.0,73,1,ford coupe
9.0,8,234.8,141,3880,8.0,75,1,buick wagon
9.2,6,231.4,142,3913,9.3,73,1,chevrolet coupe
9.0,8,255.7,172,4079,10.1,73,1,chevrolet custom
19.5,4,133.2,73,2636,8.0,73,3,toyota coupe
17.4,4,140.4,122,2896,8.7,78,3,mazda deluxe
9.0,8,321.9,168,4388,9.5,76,1,dodge ls
13.4,6,208.9,131,3542,11.1,72,1,buick coupe
10.7,6,187.5,119,3321,9.3,72,1,buick ls
9.5,6,240.4,155,3762,9.9,75,1,dodge ls
9.0,6,236.6,127,3744,10.1,75,1,chevrolet sedan
11.6,6,216.3,143,3210,8.0,73,1,buick custom
19.6,4,135.6,125,2671,9.6,78,3,toyota ls
9.0,8,242.1,133,3917,10.3,73,1,chevrolet sedan
24.1,4,136.7,104,2822,9.9,78,1,pontiac sport
18.8,4,174.4,111,2924,13.3,73,2,volkswagen coupe
9.0,8,265.2,164,4360,8.0,71,1,pontiac deluxe
17.7,4,157.4,111,2803,11.0,71,3,mazda sedan
21.0,3,128.4,90,2869,9.4,74,3,mazda gl
17.5,6,183.6,128,3378,9.9,73,1,pontiac sport
15.1,4,156.8,132,2842,8.9,76,1,amc ls
12.6,4,125.0,94,3040,9.4,80,1,pontiac sport
13.7,6,259.7,165,3738,8.8,74,1,chevrolet sport
10.1,6,217.3,122,3779,10.5,75,1,dodge wagon
13.0,4,165.4,103,3249,8.3,79,2,audi wagon
20.7,4,145.8,111,2738,9.9,73,1,pontiac sport
9.0,8,235.5,164,4118,9.4,82,1,buick coupe
9.0,8,317.8,187,4530,8.7,81,1,plymouth sport
15.9,4,177.4,116,3214,9.2,71,3,toyota wagon
10.5,6,241.2,149,3863,11.0,82,1,chevrolet wagon
15.3,4,158.6,96,2960,9.1,79,1,plymouth gl
9.0,8,342.7,201,4966,10.5,78,1,amc deluxe
16.8,4,121.8,105,2815,8.6,79,3,datsun sedan
24.8,4,111.5,85,2214,9.8,76,1,chevrolet ls
13.4,4,152.9,103,3197,10.5,73,2,volvo sedan
21.0,4,139.0,106,2478,10.8,72,3,datsun deluxe
9.0,8,350.3,192,5079,10.2,79,1,dodge ls
15.0,4,178.2,119,3390,10.4,72,2,peugeot sport
16.5,6,195.9,153,3185,9.1,78,1,dodge custom
18.8,4,142.9,101,2764,10.7,74,2,audi ls
18.0,4,174.8,114,2912,8.6,82,2,fiat custom
9.0,8,266.0,152,4071,10.7,72,1,pontiac ls
16.5,4,166.1,124,2994,9.0,74,1,dodge custom
17.8,4,133.1,98,2914,9.5,71,3,honda wagon
13.0,6,233.1,137,4000,10.2,80,1,pontiac ls
9.0,8,245.7,166,4210,10.1,73,1,pontiac ls
9.0,8,323.9,203,4523,9.5,79,1,amc coupe
12.7,6,226.4,135,3636,10.0,71,2,fiat coupe
21.8,4,148.0,84,2555,11.0,71,2,peugeot ls
19.6,6,176.2,131,3064,10.2,81,1,dodge custom
9.0,8,325.3,178,4841,11.2,77,1,dodge gl
9.0,8,327.2,197,4988,9.7,70,1,buick ls
21.8,4,129.3,75,2477,8.6,76,2,volvo sedan
18.0,6,176.6,130,3111,10.2,74,1,pontiac sport
20.6,5,138.3,88,2839,10.5,80,2,audi custom
16.6,4,142.9,113,2902,10.8,77,1,dodge custom
9.0,6,234.0,145,3584,8.9,70,3,toyota ls
9.0,8,294.1,161,4452,10.0,80,1,chevrolet sport
9.0,8,246.2,146,3841,8.2,76,1,chevrolet custom
9.0,8,254.2,163,4005,9.3,74,1,plymouth ls
19.5,4,152.2,110,3039,10.5,73,3,honda coupe
19.9,3,123.5,103,2633,8.7,76,3,mazda gl
9.0,8,371.6,230,4977,10.3,79,1,plymouth ls
20.9,4,117.6,74,2597,9.4,71,2,peugeot ls
19.6,4,154.5,129,2932,9.4,81,3,honda deluxe
14.2,4,143.2,106,2775,8.1,70,2,fiat custom
11.2,6,203.7,121,3421,9.8,70,1,buick custom
14.4,4,163.2,97,3349,8.0,80,1,plymouth coupe
9.0,8,324.3,184,4751,10.0,81,1,buick deluxe
14.2,4,189.2,136,3204,8.0,70,3,toyota custom
15.0,4,119.9,92,2779,10.7,81,3,datsun coupe
22.6,4,117.5,111,2550,9.7,74,2,volkswagen sedan
9.0,6,234.9,128,3988,10.7,79,1,chevrolet sedan
9.0,6,220.4,139,3697,11.3,76,1,dodge deluxe
18.5,4,128.8,83,2698,8.6,71,2,renault coupe
22.3,3,91.0,85,2428,11.0,79,3,mazda wagon
15.2,6,184.0,133,2982,10.0,77,3,honda sedan
13.8,4,166.4,110,2832,9.0,73,3,subaru deluxe
23.2,4,137.0,70,2554,10.8,81,2,audi wagon
9.0,8,265.8,162,4141,8.7,72,1,ford custom
11.4,6,190.9,131,3705,9.1,79,1,plymouth ls
13.0,4,130.2,103,3178,9.2,80,3,mazda coupe
20.6,4,97.3,99,2564,8.6,77,2,volkswagen coupe
9.1,6,228.0,130,3792,8.9,71,1,ford wagon
24.8,4,122.5,103,2302,10.0,80,1,pontiac deluxe
19.2,4,164.2,128,2929,8.8,80,2,renault custom
9.0,8,256.3,134,3869,10.4,82,1,plymouth ls
11.4,6,227.2,146,3561,8.9,72,1,buick gl
9.0,8,331.2,183,4667,8.3,81,1,ford gl
21.8,4,152.0,107,2834,9.6,72,2,volkswagen ls
22.7,4,154.6,114,2555,8.0,79,2,fiat deluxe
20.4,4,124.0,90,2826,9.5,80,1,dodge gl
21.1,4,137.0,94,2578,8.0,70,2,volvo sport
12.9,6,225.4,142,3717,11.7,75,1,buick sedan
9.0,6,273.1,150,4513,11.4,71,1,dodge sedan
9.2,6,235.2,133,3573,9.8,70,2,volvo wagon
22.9,5,174.5,127,2664,10.1,71,2,renault sport
18.3,4,171.0,103,3042,8.8,81,3,mazda ls
9.0,6,209.6,142,3746,10.3,75,2,volvo wagon
16.6,4,109.6,95,2938,9.8,73,2,peugeot coupe
13.0,6,227.0,121,3437,10.0,75,1,pontiac deluxe
9.0,6,274.9,156,4213,11.3,81,1,plymouth sport
9.0,8,239.7,162,3784,10.2,78,1,chevrolet sport
9.0,8,318.3,171,4564,10.5,82,1,amc ls
18.6,4,129.1,93,3251,8.4,79,3,honda custom
9.0,8,302.4,182,4141,8.6,81,1,dodge gl
20.4,4,120.0,103,2691,9.1,79,3,datsun sport
20.0,4,139.7,100,2911,9.6,77,2,audi gl
13.1,4,156.8,103,3188,8.7,70,3,honda gl
9.0,8,272.0,179,4187,12.0,82,1,plymouth wagon
13.5,6,227.2,163,3747,10.9,77,2,renault custom
18.8,4,142.7,116,2766,9.7,78,1,amc coupe
9.0,6,266.1,161,4088,9.9,75,1,ford coupe
18.3,4,135.2,91,2708,9.2,79,2,volvo ls
16.8,4,120.3,84,2767,8.7,74,1,dodge coupe
19.8,4,114.3,98,2515,9.2,75,1,buick sport
13.6,4,184.4,128,3295,9.7,82,2,volvo sport
11.5,4,191.5,143,3278,8.0,75,1,dodge custom
16.0,4,148.9,115,3125,9.9,78,3,toyota wagon
18.9,4,163.4,96,3021,9.6,73,3,datsun ls
19.5,4,146.0,118,2519,8.0,71,3,datsun wagon
17.7,4,165.4,102,3301,9.1,80,1,buick gl
11.0,8,231.0,139,3617,9.2,80,1,dodge gl
20.8,4,157.0,114,2842,11.1,78,3,mazda gl
13.8,6,177.2,144,3115,9.6,71,1,plymouth sport
16.5,4,160.5,150,3280,8.0,79,3,honda wagon
18.1,4,166.2,122,2628,9.3,78,3,honda coupe
12.3,4,173.2,116,3746,8.6,71,3,toyota coupe
19.1,4,117.0,99,2825,10.5,81,1,plymouth deluxe
20.3,4,130.6,109,2780,8.8,77,1,buick sedan
20.7,3,95.1,79,2365,9.2,78,3,datsun coupe
17.6,4,124.0,117,2733,10.4,81,1,buick sport
20.4,4,125.0,99,2789,8.1,79,1,plymouth wagon
12.6,4,175.1,125,3265,8.1,78,2,volkswagen coupe
18.1,4,148.2,115,3005,8.8,79,3,honda coupe
14.1,4,158.3,116,3003,10.4,78,2,peugeot sedan
20.9,4,141.4,114,2793,8.0,71,2,peugeot custom
9.3,6,207.6,126,3478,8.0,73,1,buick sedan
19.6,4,149.4,101,2866,9.0,76,2,peugeot custom
16.7,4,156.3,97,3193,10.4,81,3,toyota wagon
9.0,6,262.7,163,4123,11.0,71,1,buick sedan
25.9,4,134.3,110,2181,8.1,70,1,buick sport
14.3,4,186.8,130,3373,9.1,72,3,toyota custom
15.2,4,164.6,134,3080,10.3,81,2,renault wagon
13.1,5,172.7,118,3151,8.0,73,2,fiat sport
11.6,4,183.9,131,3138,8.9,77,2,fiat gl
9.0,8,236.2,133,4071,10.5,75,1,chevrolet custom
9.0,8,345.4,191,5018,10.8,80,1,plymouth sport
20.5,4,138.4,111,2651,8.6,71,3,toyota deluxe
14.3,4,178.5,131,3248,9.4,78,3,mazda sport
19.2,4,174.9,115,2940,8.0,71,3,toyota custom
19.0,4,160.0,111,2724,8.5,82,3,datsun sedan
9.2,6,243.4,131,3706,10.3,81,1,pontiac wagon
11.8,6,207.3,129,3678,8.9,74,1,ford coupe
19.8,4,114.8,102,2784,9.4,81,3,toyota ls
18.8,4,136.2,108,2888,9.8,73,2,renault coupe
20.4,4,116.2,98,2750,9.0,82,2,renault ls
12.6,4,162.6,114,3127,9.7,76,3,mazda sport
20.6,4,152.0,109,2800,8.3,77,3,honda ls
9.0,8,348.1,189,4940,10.1,74,1,plymouth custom
9.0,6,233.6,153,3902,10.4,79,1,amc deluxe
9.0,6,263.2,163,4160,10.0,74,1,pontiac coupe
14.9,5,150.6,114,3193,9.0,71,2,volvo coupe
9.0,6,259.5,150,4118,10.3,77,1,plymouth deluxe
9.0,6,253.6,128,3993,11.0,71,1,chevrolet coupe
19.3,4,148.5,120,3111,8.0,79,1,chevrolet deluxe
20.2,4,151.7,103,2920,10.7,81,1,chevrolet custom
9.0,6,253.9,144,3749,9.4,75,2,fiat sport
21.0,4,133.4,108,2728,9.6,77,1,buick sport
20.8,4,166.9,110,2913,10.6,75,1,plymouth custom
20.5,4,143.7,117,2719,8.0,73,3,datsun wagon
22.7,4,124.6,103,2652,8.5,82,1,buick wagon
24.8,4,138.5,111,2648,8.8,73,1,buick sport
11.1,8,230.4,127,3732,9.2,75,1,ford coupe
24.7,4,116.5,107,2229,10.4,82,3,honda coupe
15.9,6,179.4,124,3297,8.7,73,1,dodge deluxe
9.0,6,267.6,156,4049,9.3,77,2,renault coupe
11.0,6,234.6,147,3588,9.7,78,1,buick sedan
14.4,4,169.6,95,3218,8.8,70,1,plymouth sedan
12.3,6,221.2,144,3819,9.4,82,1,ford custom
12.6,6,210.3,122,3212,9.8,73,1,chevrolet wagon
19.3,5,182.1,106,3086,9.3,73,2,renault wagon
15.2,6,195.9,110,3249,9.6,71,2,fiat deluxe
19.5,4,114.3,105,2401,8.4,75,3,mazda wagon
15.9,4,166.0,107,3219,8.2,72,1,buick ls
9.0,6,189.9,144,3310,9.6,76,1,plymouth sport
20.1,4,146.1,99,2822,11.2,82,3,mazda deluxe
15.4,6,230.3,123,3312,9.6,80,1,amc custom
10.7,6,190.2,112,3479,10.2,80,1,dodge gl
10.3,8,236.7,161,3603,10.0,74,1,amc wagon
12.8,6,245.7,149,3864,8.5,73,1,ford deluxe
17.1,4,140.3,97,2878,11.3,74,3,datsun custom
16.2,4,112.8,93,2848,9.8,77,3,honda custom
12.9,6,262.1,164,3737,11.0,72,2,audi sport
29.5,4,128.9,111,2116,8.0,76,1,amc sport
17.1,4,156.7,128,3007,11.0,75,1,plymouth sedan
13.7,4,188.6,121,3618,10.7,81,1,amc ls
19.4,4,140.4,87,3072,10.5,70,1,buick sport
17.6,4,129.7,93,2769,9.7,82,1,ford sport
20.5,4,116.8,96,2513,8.9,76,2,peugeot ls
13.4,6,202.2,119,3621,11.2,82,2,peugeot gl
19.6,6,178.1,109,3048,9.7,76,1,buick deluxe
18.2,4,151.8,112,3022,8.0,81,3,datsun gl
17.6,4,118.8,93,2731,8.3,70,2,fiat sport
13.9,6,210.5,135,3747,9.7,78,2,peugeot ls
9.0,6,279.2,157,4704,10.9,75,2,renault custom
9.0,8,331.0,186,4777,10.1,81,1,dodge deluxe
9.0,8,309.3,168,4402,11.3,71,1,plymouth wagon
9.0,8,267.9,171,4126,8.0,74,1,plymouth deluxe
22.9,4,152.4,121,2577,9.0,82,3,mazda custom
19.9,4,152.5,86,2794,8.0,80,1,buick sport
13.5,6,207.7,122,3427,10.5,73,1,dodge custom
9.0,8,248.7,134,3854,9.9,76,1,chevrolet gl
9.4,6,247.7,144,3899,10.3,77,1,amc sport
14.4,4,143.6,104,2688,8.4,80,3,mazda custom
12.7,5,172.1,100,3373,11.3,80,2,audi wagon
9.0,8,266.0,149,4114,11.1,70,1,amc sedan
16.7,4,134.7,89,2771,10.1,74,1,plymouth sport
17.6,4,172.4,120,3046,9.2,72,1,buick sport
9.0,6,244.3,151,3869,10.3,70,1,ford custom
10.7,6,249.3,144,4048,9.3,81,1,buick coupe
25.7,4,116.7,95,2437,10.0,72,1,buick sedan
18.5,4,145.4,99,2737,11.0,75,1,plymouth custom
17.9,4,153.6,106,2882,10.5,76,2,renault ls
23.0,4,116.6,113,2340,8.0,77,2,volkswagen coupe
13.4,6,192.6,143,3209,9.5,82,1,pontiac deluxe
17.7,4,169.1,100,2986,8.3,80,1,dodge deluxe
15.8,4,136.5,111,2964,10.0,73,2,volvo sedan
